Timestamp,Reg,User Message,AI Response,CSV Match,Feedback
2025-10-15 20:22:22,Y11ESU,is this petrol or diesel?,"Ah, your Volkswagen 2016 is a hybrid electric vehicle. Since it's a hybrid, it runs on a combination of petrol and electricity. When you need to refuel, you'll be using petrol. It's good to have a mix",No,
2025-10-15 20:23:06,Y11ESU,i need a brake replacement. how much would it cost?,"For a brake replacement on your Volkswagen 2016 hybrid electric car, you're looking at around £150 to £300 for a full set of front or rear brake pads. If you need new brake discs too, add around £150 ",No,
2025-10-15 20:31:47,N/A,my 2015 fiesta ecoboost has a slight metallic rattling sound from under the front,It seems like there was a mix-up there with the database match. Let's focus on your Ford Fiesta EcoBoost. A slight metallic rattling from under the front can have a few common causes. Here's what you ,Yes,
2025-10-15 20:32:24,N/A,ahh i see,"Glad to hear that! If you need further assistance or have any more questions about your Fiesta's rattling sound, feel free to ask. Your safety on the road is important, so it's best to address any unu",No,
2025-10-15 20:35:01,N/A,so exhaust or heatshield. that sounds a lot like it and makes sense,"Absolutely! A loose heat shield or exhaust component can definitely cause a metallic rattling sound like what you're hearing. If you suspect it's related to the exhaust system, here's a more detailed ",No,
2025-10-15 20:38:05,N/A,slight squeaking sound at low speeds. sounds like its coming from one of the front wheels,"It seems like the database matched the wrong issue for your squeaking sound. Let's focus on the front wheel noise. Here's what you can do:

1. **Check for Debris:** Inspect the front wheels for any st",Yes,
2025-10-15 20:38:46,N/A,why did you match a wrond database fauly,"I appreciate your patience. Sometimes the database might not provide an exact match for the issue you're experiencing, which could lead to mismatched information. Don't worry, I'm here to help you wit",No,
2025-10-15 20:39:05,N/A,do you answer questions about planes?,"I specialize in car diagnostics and repairs, so I'm here to help you with any questions or issues you have regarding your vehicle. If you have any car-related queries, feel free to ask, and I'll do my",No,
2025-10-15 20:39:57,N/A,how much would i pay for a hybrid battery replacement on this car? roughly,It seems like the database provided information about a different issue related to the 12V auxiliary battery in a Toyota Yaris rather than the hybrid battery replacement cost you asked about. Let's fo,Yes,
2025-10-15 20:42:16,N/A,youre wrong. its a passat gte not yaris,"I appreciate the clarification! Let's focus on the hybrid battery replacement cost for your Passat GTE:

**Hybrid Battery Replacement Cost for Passat GTE:**
- Hybrid battery replacement for a Volkswag",No,
2025-10-15 20:47:30,SC24KWN,very shaky at startup and at times long crank. fan aalso seems to stay on long after engine is off,"It seems like we have some mismatched information here. Let's focus on your Renault 2024 Diesel model. The symptoms you described, like shakiness at startup, long cranking times, and the fan running a",Yes,
2025-10-15 20:48:26,SC24KWN,can you find me any video tutorials on this?,"I'm sorry for the mismatched information. Since your Renault is a 2024 Diesel model and not a Clio 2013-2019, let's focus on the issues you're experiencing. While I can't fetch real-time videos, you c",Yes,
2025-10-15 21:03:50,SC24KWN,shsaky at high speeds ,"It sounds like your Renault is experiencing shaking or vibrations when you're driving at high speeds. This can be quite concerning, so let’s break down some possible causes and what you can do about it.

### Possible Causes:
1. **Worn Tyres**: If your tyres are unevenly worn or improperly balanced, they can cause shaking, especially at higher speeds.
2. **Wheel Alignment Issues**: If your wheels aren’t aligned properly, it can lead to vibrations.
3. **Brake Issues**: If the brake discs are warped or if there’s an issue with the brake pads, this can also cause shaking when you’re driving fast.
4. **Suspension Problems**: Worn out suspension components (like shocks or struts) can lead to instability and shaking.
5. **Drivetrain Issues**: Problems with the driveshaft or CV joints can also manifest as vibrations at speed.

### Steps to Diagnose:
1. **Check Tyres**:
   - Inspect for uneven wear, bulges, or low pressure. 
   - **DIY**: You can do a visual check and use a pressure gauge. If t",No,
2025-10-15 21:05:06,SC24KWN,thank you. this car is a van,"Got it! So, you’ve got a Renault van with a 1461cc diesel engine. The same advice applies, but let’s tailor it a bit for your van.

### Possible Causes of Shaking in Your Van:
1. **Tyres**: Just like with cars, uneven wear or incorrect balancing can lead to vibrations.
2. **Load Issues**: If your van is loaded unevenly or over its weight limit, it can cause instability at speed.
3. **Wheel Alignment**: Heavy use can knock the alignment out more easily in vans, especially if you’re driving on rough roads.
4. **Brake Problems**: Warped discs or worn pads can cause vibrations, especially when braking.
5. **Suspension**: The added weight in a van can wear out suspension components faster.

### Steps to Diagnose:
1. **Inspect the Tyres**:
   - Check for wear and ensure they’re inflated to the correct pressure. For vans, tyres might cost a bit more, around £70-£130 each.
   
2. **Check Load Distribution**:
   - Ensure your load is evenly distributed and not exceeding the van’s weight limit. ",No,
2025-10-15 21:10:32,YA12XLL,cuts out when in sports mode and goes into limp mode after having a remap,"I see you're having trouble with your BMW cutting out in sports mode and going into limp mode after a remap. This can be quite frustrating, especially since limp mode restricts your car's performance to protect the engine.

### Possible Causes:
1. **Turbo Issues:** As indicated by the whistling noise, your turbo might be failing or there could be a boost leak.
2. **ECU Issues:** The remap may have introduced compatibility issues with the engine's control unit (ECU).
3. **Fuel Supply Problems:** If the remap increased power without proper fuel supply adjustments, it could lead to cutting out.

### Practical Steps to Diagnose and Fix:

1. **Check for Fault Codes:**
   - Use an OBD-II scanner to check for any error codes. If you don’t have one, many garages offer a diagnostic service for around £30-£50.
   
2. **Inspect Turbo and Intercooler:**
   - Open the bonnet and visually inspect all intercooler hoses for splits or loose connections. If you find any damage, they will need to be repl",Yes,
2025-10-15 21:11:40,YA12XLL,there's no whistling noise,"Thanks for the clarification! If there’s no whistling noise, we’ll need to focus on other potential causes for your BMW cutting out in sports mode and going into limp mode.

### Possible Causes (Updated):
1. **ECU Compatibility:** The remap might not be compatible with your engine setup, which can lead to performance issues.
2. **Fuel Supply Issues:** This could involve a clogged fuel filter or a malfunctioning fuel pump.
3. **Air Intake Restrictions:** There could be an issue with the air intake system, such as a blocked air filter.
4. **Sensor Issues:** Faulty sensors, such as the mass airflow sensor (MAF) or throttle position sensor (TPS), can trigger limp mode.

### Steps to Diagnose and Fix:

1. **Check for Fault Codes:**
   - Start by using an OBD-II scanner to read any fault codes. If you don’t have a scanner, a garage can do this for about £30-£50. The codes will give you a clearer idea of what’s going wrong.

2. **Inspect Air Filter:**
   - Check the air filter for dirt or blo",Yes,
2025-10-15 21:13:48,N/A,why is my car shaking when braking?,"When your car shakes while braking, it can be quite concerning. Here are a few common reasons for this issue:

1. **Warped Brake Discs (Rotors)**: Over time, your brake discs can become uneven due to heat and wear, causing vibrations when you apply the brakes. This is one of the most common reasons for shaking. 
   - **DIY Check**: You can visually inspect the brake discs through the wheel spokes for any signs of warping.
   - **Cost**: Replacing brake discs can range from £100 to £300, depending on your car model.

2. **Worn Brake Pads**: If your brake pads are worn down unevenly, they can cause vibrations when you brake.
   - **DIY Check**: Look for any uneven wear on the pads, or listen for squeaking or grinding noises when braking.
   - **Cost**: Brake pad replacement typically costs between £50 to £150.

3. **Loose or Damaged Suspension Components**: Issues with parts like control arms, bushings, or ball joints can also lead to shaking.
   - **Safety Concern**: This is a more seri",No,
2025-10-16 13:45:29,N/A,tell me about the mercedes gle450 2023,"The Mercedes GLE 450 2023 is a luxury SUV that combines performance and comfort. It features a powerful 3.0-litre inline-six engine with mild hybrid technology, providing both efficiency and responsive acceleration. The GLE 450 is known for its smooth ride, spacious interior, and high-tech features.

### Key Features:
- **Engine:** 3.0-litre inline-six with a mild hybrid system.
- **Power Output:** Around 362 horsepower.
- **Transmission:** 9-speed automatic transmission.
- **Drivetrain:** 4MATIC all-wheel drive for better grip and stability.
- **Interior:** Luxurious materials, ample legroom, and advanced infotainment system with a large touchscreen.
- **Safety:** Equipped with numerous safety features, including adaptive cruise control and lane-keeping assist.

### Known Issues:
While the GLE 450 is generally reliable, there have been reports of issues with the Airmatic suspension, especially in models from 2018 to 2023. If you see an Airmatic suspension warning, it might indicate a ",Yes,
2025-10-17 09:05:22,N/A,my brakes make a grinding noise,Grinding noises coming from your brakes usually mean the brake pads are worn out and the metal backing plate is grinding against the brake disc. It's a serious issue that needs immediate attention to ,No,
2025-10-17 09:10:48,N/A,my brakes are grinding,"Hey there! If your brakes are grinding, it's a sign that something isn't right with them. This could be due to worn brake pads grinding against the brake discs. Here's what you can do:

1. **Safety Fi",No,
2025-10-17 09:12:23,N/A,ok. now my car is overheating,"Hey, an overheating car can be a serious issue, so let's tackle this one step at a time. Here's what you should do:

1. **Pull Over Safely**: As soon as you notice your car is overheating, pull over t",No,
2025-10-17 10:56:14,N/A,my fiesta's brakes are grinding,"Ah, grinding brakes can be a bit worrying, but let’s get to the bottom of it! Here’s what you can do:

### 1. **Check Brake Pads**
   - **What to Look For:** If the brake pads are worn down, they can ",No,
2025-10-17 10:59:32,N/A,my brakees are grinding,"Got it! Grinding brakes are definitely something you want to sort out. Let’s go through the steps again to help you diagnose the problem:

### 1. **Check the Brake Pads**
   - **What to Look For:** If",No,
2025-10-17 11:01:41,N/A,my brakes are grinding,"Ah, grinding brakes can be a serious issue, so it's good you've noticed it. Here’s what you can do:

### Steps to Diagnose and Fix Grinding Brakes:

1. **Safety First**: 
   - Make sure your car is pa",No,
2025-10-17 11:10:23,N/A,vokswqgen cylinder misfire,"It sounds like you're dealing with a cylinder misfire on your Volkswagen. A misfire means that one or more cylinders in your engine aren't firing properly, which can lead to poor performance, rough id",No,
2025-10-17 11:12:39,N/A,fiesta check engine light,"If your Ford Fiesta's check engine light is on, it can be a bit concerning, but don't worry! It usually means the car's computer has detected an issue that needs attention. Here’s how to approach it:
",No,
2025-10-17 12:58:32,N/A,my brakees are grinding,"If your brakes are grinding, it’s important to address the issue quickly as it can affect your safety. Here’s how to deal with it:

### Step 1: Safety First
- **Stop Driving**: If you hear grinding wh",No,
2025-10-17 13:01:22,N/A,my gears are not working. i have to double-clutch,"It sounds like you're having some issues with your gearbox. Double-clutching usually indicates that the gears aren't engaging smoothly, which can be a sign of a few different problems. Let’s go throug",No,
2025-10-17 13:14:54,N/A,i havee an image of a warning light,"I can't view images, but I can definitely help if you describe the warning light! Different warning lights indicate different issues, so let me know what it looks like or what colour it is (red, yello",No,
2025-10-17 13:30:46,N/A,this light just came on on my dashboard,"No worries, mate! Dashboard warning lights can be a bit concerning, but I’m here to help you figure it out. 

First, let’s identify which light is on. Common dashboard lights include:

1. **Engine Man",No,
2025-10-17 22:33:59,N/A,short grinding sound on cold start. toyota corolla,"A short grinding sound on cold start in your Toyota Corolla can be concerning. Here are some practical steps to diagnose and address the issue:

### Possible Causes
1. **Worn Starter Motor**: The grin",Yes,
2025-10-17 22:43:53,N/A,grinding sound on cold start. corolla 2008,"A grinding sound on a cold start can be concerning, but don't panic! Here’s a practical approach to diagnosing and possibly fixing the issue with your 2008 Toyota Corolla.

### Possible Causes:
1. **S",No,
2025-10-17 22:45:59,N/A,banging sound from back. x type 2007,"A banging sound from the back of your 2007 Jaguar X-Type could be caused by several issues. Let’s break it down and go through some practical steps to diagnose the problem.

### Possible Causes
1. **S",No,
2025-10-17 23:00:07,N/A,noise when driving,"A noise when driving can be quite concerning, and it could indicate various issues with your car. Here’s a straightforward guide to help you figure out what might be going on:

### Identify the Type o",No,
2025-10-17 23:06:08,N/A,screeching sound when accelerating,"A screeching sound when you accelerate can be a bit concerning, but don’t worry, we can troubleshoot it together! Here are some practical steps to help you identify the issue:

### 1. **Check the Belt",No,
2025-10-17 23:20:26,N/A,car losing power when accelerating,"If your car is losing power when you accelerate, it can be frustrating and potentially dangerous. Let's go through some practical steps to diagnose and possibly fix the issue. 

### Common Causes
1. *",No,
2025-10-18 11:51:15,N/A,car starts and cuts out,"When your car starts and then cuts out, it can be frustrating. This issue could stem from a few different problems. Let’s break down some practical steps you can take to troubleshoot this issue safely",No,
2025-10-18 12:22:16,SC24KWN,is this petrol or diesel?,"Based on the context you've provided, your Renault is a diesel vehicle with a 1461cc engine. If you have further questions about your car or need assistance, feel free to ask!",Yes,
2025-10-18 12:35:53,SC24KWN,is this petrol or diesel?,"Based on the context you provided, the vehicle is a diesel. The engine size of 1461cc is a common specification for diesel engines. If you have any other questions about your Renault or need further a",No,
2025-10-18 12:36:23,SC24KWN,ok. theres a grinding sound when i start it from cold. ,"A grinding sound when starting your diesel Renault from cold can indicate a few potential issues. Here's a concise diagnosis plan to help you figure it out:

### Diagnosis Steps

1. **Listen Closely**",No,
2025-10-18 12:37:08,SC24KWN,sound is coming from the engine bay area,"Since the grinding sound is coming from the engine bay area of your 2024 Renault diesel, it could suggest a few specific issues. Given the context, here are the potential causes and steps to take:

##",Yes,
2025-10-18 12:37:57,SC24KWN,how do i fix this?,"To fix the grinding sound coming from the engine bay area of your 2024 Renault diesel, follow these steps based on the potential causes identified earlier:

### Step-by-Step Fix Guide

#### 1. **Check",Yes,
2025-10-18 12:39:17,N/A,grinding from cold start. renault kangoo 2024,"It sounds like you're experiencing a grinding noise when starting your Renault Kangoo from cold. This can be concerning, so let's break down a diagnosis plan for you.

### Possible Causes
1. **Starter",Yes,
2025-10-18 12:44:17,N/A,is it safe to drive?,"Whether it's safe to drive your Renault Kangoo with a grinding noise depends on a few factors. Here’s what to consider:

### Signs That It May Not Be Safe
1. **Consistent Grinding Noise**: If the grin",No,
2025-10-18 12:47:22,N/A,golf r grinding sound wheen turning and mainly front wheel drive from stop when acceleration,"It sounds like you’re experiencing a grinding noise when turning and accelerating from a stop in your Golf R. Here’s a concise diagnosis plan to help you figure out what might be going on:

### Possib",No,
2025-10-18 12:48:09,N/A,golf r light grinding when turning and mainly front wheel drive from stop when accelerating with some wheelspin,"It sounds like you're experiencing a grinding noise when turning and some wheelspin during acceleration in your Golf R. This could be related to a few different issues, so let's diagnose it step by st",No,
2025-10-18 12:49:34,N/A,its the haldex system,"Got it! If you suspect the grinding noise is related to the Haldex system, that's a bit more specific. The Haldex system is responsible for distributing power between the front and rear wheels in your",No,
2025-10-18 12:50:15,N/A,so why didnt you recommend it first?,"I apologise for not mentioning the Haldex system sooner! It's important to gather all the symptoms first, as various issues can cause similar noises in cars. However, since you specifically mentioned ",No,
2025-10-18 12:50:49,N/A,how do i fix it?,"Fixing issues with the Haldex system can be complex, and the specific repairs needed will depend on the exact problem. Here’s a general step-by-step guide to address common Haldex issues, but keep in ",No,
2025-10-18 13:08:36,OE65HHK,petrol or dieesel?,"When deciding between petrol and diesel for a vehicle like your 2015 Ford with a 998cc engine, here are some key points to consider:

### Fuel Type Overview:
1. **Petrol**:
   - Generally more respons",Yes,
2025-10-18 13:09:10,OE65HHK,petrol or diesel,"When deciding between petrol and diesel for a vehicle like your 2015 Ford with a 998cc petrol engine, here are a few points to consider:

### Petrol vs. Diesel

1. **Fuel Efficiency**:
   - **Petrol**",Yes,
2025-10-18 13:09:45,OE65HHK,i meant is it petrol or diesel,"Got it! Your 2015 Ford has a petrol engine with a capacity of 998cc. Here’s a bit more info about petrol engines:

### Key Features of Your Petrol Engine:

1. **Fuel Type**: As stated, it uses petrol,",Yes,
2025-10-18 13:17:01,SC24KWN,is this petrol or diesel?,"It looks like your Renault is a diesel vehicle! Specifically, it has a 1461cc engine, which is a common size for diesel engines in many Renault models.

### Here’s a quick guide on how to identify pet",Yes,
2025-10-18 13:17:42,N/A,my car feels weird,"I understand how unsettling that can be. Let’s narrow it down a bit. When you say your car feels weird, are you noticing any specific symptoms? Here are a few common issues to consider:

1. **Vibratio",No,
2025-10-18 13:18:26,SC24KWN,is this petrol or diesel?,"It looks like you have a 2024 Renault with a 1461cc diesel engine. If you're trying to determine whether your car is petrol or diesel, you can usually check a few places:

### How to Identify:
1. **Fu",Yes,
2025-10-18 13:22:17,SC24KWN,is this petrol or diesel?,"It looks like you've got a 2024 Renault with a 1461cc diesel engine. If you’re unsure whether your car is petrol or diesel, here are a few practical steps to identify it:

### How to Determine if Your",Yes,
2025-10-18 13:22:52,SC24KWN,so its diesel?,"Yes, based on the context you've provided, your Renault 2024 has a 1461cc diesel engine. If you have any specific concerns or issues with your diesel engine, feel free to ask! I can help guide you thr",Yes,
2025-10-18 13:25:07,OE65HHK,is this petrol or dieseel?,"It sounds like your Ford is a petrol vehicle, especially since you've specified ""PETROL"" in your context. 

### Here’s how to confirm:
1. **Check the Fuel Cap**: Open the fuel cap; there’s often a lab",No,
2025-10-18 13:25:44,OE65HHK,thank you,"You're welcome! With a 2015 Ford petrol engine at 998cc, you're likely driving a compact and efficient vehicle, probably a model like the Ford Fiesta or a similar model. 

### Here are some tips for k",No,
2025-10-18 13:31:12,YA12XLL,cuts out under hard acceleration,"If your 2012 BMW 2 Axle Rigid Body diesel cuts out under hard acceleration, it could be due to a few common issues. Here’s a straightforward approach to diagnose and potentially fix the problem:

### ",No,
2025-10-18 13:31:40,YA12XLL,i just had a remap. could that be causing it?,"Yes, a remap can potentially cause issues like cutting out under hard acceleration, especially if the remap wasn't done correctly or if it hasn't been calibrated properly for your specific vehicle. He",No,
2025-10-18 13:57:12,N/A,grinding sound from cold start. toyota corolla 2008,"A grinding sound from a cold start in your 2008 Toyota Corolla can be concerning, but let's break it down and troubleshoot it together.

### Possible Causes:
1. **Worn Engine Components**: This could ",Yes,
2025-10-18 14:01:10,N/A,grinding sound on cold start. toyota corolla 2008,"A grinding sound on a cold start in your 2008 Toyota Corolla can be concerning. Here are some practical steps to diagnose the issue:

### Possible Causes:
1. **Starter Motor Issues**: The starter moto",No,
